{
    "train": {
        "loss": 0.11971963196992874,
        "accuracy": 0.9545000195503235
    },
    "eval": {
        "loss": 0.5814380049705505,
        "accuracy": 0.8737499713897705
    },
    "step": 9
}
