{
    "train": {
        "loss": 0.12705205380916595,
        "accuracy": 0.9599999785423279
    },
    "eval": {
        "loss": 0.3732993006706238,
        "accuracy": 0.9012500047683716
    },
    "step": 9
}
