{
    "train": {
        "loss": 0.11816080659627914,
        "accuracy": 0.9495000243186951
    },
    "eval": {
        "loss": 0.3640519976615906,
        "accuracy": 0.8762500286102295
    },
    "step": 9
}
