{
    "train": {
        "loss": 0.11256549507379532,
        "accuracy": 0.9574999809265137
    },
    "eval": {
        "loss": 0.3798694610595703,
        "accuracy": 0.9012500047683716
    },
    "step": 9
}
