step	accuracy
0	0.8424999713897705
1	0.8987500071525574
2	0.8662499785423279
3	0.9024999737739563
4	0.9049999713897705
5	0.8799999952316284
6	0.8199999928474426
7	0.9087499976158142
8	0.856249988079071
9	0.9012500047683716
