step	accuracy
0	0.6887500286102295
1	0.762499988079071
2	0.8787500262260437
3	0.8637499809265137
4	0.7724999785423279
5	0.893750011920929
6	0.7887499928474426
7	0.893750011920929
8	0.862500011920929
9	0.8762500286102295
