step	accuracy
0	0.8174999952316284
1	0.893750011920929
2	0.8849999904632568
3	0.9100000262260437
4	0.8974999785423279
5	0.8962500095367432
6	0.9087499976158142
7	0.8999999761581421
8	0.9087499976158142
9	0.9012500047683716
