step	accuracy
0	0.875
1	0.9037500023841858
2	0.9037500023841858
3	0.8962500095367432
4	0.9049999713897705
5	0.9049999713897705
6	0.9049999713897705
7	0.8987500071525574
8	0.9087499976158142
9	0.8737499713897705
