step	loss
0	0.3991580903530121
1	0.27798059582710266
2	0.3056451082229614
3	0.26479077339172363
4	0.25294139981269836
5	0.35499462485313416
6	0.47278687357902527
7	0.3322147727012634
8	0.5684594511985779
9	0.3732993006706238
