step	loss
0	0.5955174565315247
1	0.5876924395561218
2	0.2812022864818573
3	0.33297160267829895
4	0.7265605926513672
5	0.26774901151657104
6	0.7305142283439636
7	0.27174463868141174
8	0.40880152583122253
9	0.3640519976615906
