step	loss
0	0.31255042552948
1	0.24729740619659424
2	0.2438424676656723
3	0.29371607303619385
4	0.2615659832954407
5	0.2776029706001282
6	0.3292959928512573
7	0.3395828902721405
8	0.3555889427661896
9	0.5814380049705505
