step	loss
0	0.3724648356437683
1	0.2721429765224457
2	0.2859273850917816
3	0.25655654072761536
4	0.28852999210357666
5	0.2931066155433655
6	0.27392029762268066
7	0.35644596815109253
8	0.3316611051559448
9	0.3798694610595703
