step	accuracy
0	0.765500009059906
1	0.8550000190734863
2	0.8840000033378601
3	0.8960000276565552
4	0.9190000295639038
5	0.9269999861717224
6	0.9470000267028809
7	0.9434999823570251
8	0.9434999823570251
9	0.9545000195503235
