step	accuracy
0	0.6635000109672546
1	0.8205000162124634
2	0.8805000185966492
3	0.9070000052452087
4	0.9150000214576721
5	0.9254999756813049
6	0.9380000233650208
7	0.9445000290870667
8	0.9474999904632568
9	0.9599999785423279
