step	accuracy
0	0.7315000295639038
1	0.8270000219345093
2	0.8525000214576721
3	0.8880000114440918
4	0.8960000276565552
5	0.9169999957084656
6	0.9304999709129333
7	0.9259999990463257
8	0.940500020980835
9	0.9495000243186951
