step	loss
0	0.6393999457359314
1	0.33786898851394653
2	0.29743239283561707
3	0.2350260317325592
4	0.21216146647930145
5	0.18643145263195038
6	0.15520013868808746
7	0.1539016216993332
8	0.13568435609340668
9	0.11256549507379532
