step	loss
0	0.9367603063583374
1	0.3927960991859436
2	0.35627633333206177
3	0.26652616262435913
4	0.23931513726711273
5	0.21011555194854736
6	0.16884629428386688
7	0.17396600544452667
8	0.14591747522354126
9	0.11816080659627914
