step	loss
0	0.755179762840271
1	0.3934517800807953
2	0.3036853075027466
3	0.24092663824558258
4	0.22383731603622437
5	0.19630390405654907
6	0.16520757973194122
7	0.134364053606987
8	0.18727490305900574
9	0.12705205380916595
